,count,unique,top,freq,mean,min,25%,50%,75%,max,std
filename,254,254,cctv052x2004080516x01638,1,,,,,,,
date,254.0,,,,20040805.75984252,20040805.0,20040806.0,20040806.0,20040806.0,20040806.0,0.42802235590826615
timestamp,254.0,,,,13.84169354330709,6.0182,10.018852500000001,15.000354999999999,17.0166275,20.017,4.278468411941298
direction,254,1,south,254,,,,,,,
day_night,254,1,day,254,,,,,,,
weather,254,3,overcast,125,,,,,,,
start_frame,254.0,,,,2.0,2.0,2.0,2.0,2.0,2.0,0.0
number_of_frames,254.0,,,,52.42913385826772,43.0,52.0,53.0,53.0,53.0,1.297952795856618
traffic_class,254,3,light,165,,,,,,,
notes,14,2,drops on lens,13,,,,,,,
date_parsed,254,,,,2004-08-05 18:14:10.393700736,2004-08-05 00:00:00,2004-08-06 00:00:00,2004-08-06 00:00:00,2004-08-06 00:00:00,2004-08-06 00:00:00,
cctv_id,254,1,cctv052,254,,,,,,,
